# Extra scenarios: reversal, insufficient funds, malformed line, invalid currency, conflicting duplicate,
# and a sequence gap (sequence 7 never arrives, so sequence 8 stays pending and is reported).
transactionId,requestId,sequenceNumber,accountId,transactionType,amount,currency,referenceTransactionId
TXN-3002,REQ-B,2,ACC-301,DEBIT,30,INR,
TXN-3001,REQ-A,1,ACC-301,CREDIT,100,INR,
TXN-3003,REQ-C,3,ACC-301,REVERSAL,30,INR,TXN-3002
TXN-3004,REQ-D,4,ACC-301,DEBIT,500,INR,
this,line,is,malformed
TXN-3005,REQ-E,5,ACC-301,CREDIT,10,ZZZ,
TXN-3002,REQ-B2,2,ACC-301,DEBIT,35,INR,
TXN-3006,REQ-F,6,ACC-302,CREDIT,10.50,INR,
TXN-3008,REQ-H,8,ACC-302,CREDIT,20,INR,
